channel,gross_sales_mln,PERCENTAGE
Direct,406686873.90,0.154750
Distributor,297175879.72,0.113079
Retailer,1924170397.91,0.732171
